IbexReceptionTime,IbexIP,IbexController,IbexItem,IbexElement,Label,IbexGroup,ElementType,ElementName,Parameter,Value,EventTime,Sentence,File,List,Age,Gender,Language,AmEng,Prolific-ID,Comments
1611318533,eea10e72be5b19204eb501d2708705c6,PennController,9,0,experiment,NULL,PennController,7,_Trial_,Start,1611318382715,Lucas (about Selena and Scott):,P12-A-1-nc.wav,5,46,male,English,yes,5fbb19f73dc031be050019d4,NULL
1611318533,eea10e72be5b19204eb501d2708705c6,PennController,9,0,experiment,NULL,Audio,P12-A-1-nc.wav,play,0,1611318385575,Lucas (about Selena and Scott):,P12-A-1-nc.wav,5,46,male,English,yes,5fbb19f73dc031be050019d4,NULL
1611318533,eea10e72be5b19204eb501d2708705c6,PennController,9,0,experiment,NULL,Scale,score,Choice,<span style='visibility: hidden;'>6</span>,1611318416245,Lucas (about Selena and Scott):,P12-A-1-nc.wav,5,46,male,English,yes,5fbb19f73dc031be050019d4,NULL
1611318533,eea10e72be5b19204eb501d2708705c6,PennController,9,0,experiment,NULL,PennController,7,_Trial_,End,1611318417589,Lucas (about Selena and Scott):,P12-A-1-nc.wav,5,46,male,English,yes,5fbb19f73dc031be050019d4,NULL
1611318533,eea10e72be5b19204eb501d2708705c6,PennController,10,0,experiment,NULL,PennController,8,_Trial_,Start,1611318417591,Amelia (about Cassie and Bruce):,P3-A-2-c.wav,5,46,male,English,yes,5fbb19f73dc031be050019d4,NULL
1611318533,eea10e72be5b19204eb501d2708705c6,PennController,10,0,experiment,NULL,Audio,P3-A-2-c.wav,play,0,1611318420405,Amelia (about Cassie and Bruce):,P3-A-2-c.wav,5,46,male,English,yes,5fbb19f73dc031be050019d4,NULL
1611318533,eea10e72be5b19204eb501d2708705c6,PennController,10,0,experiment,NULL,Scale,score,Choice,<span style='visibility: hidden;'>6</span>,1611318430630,Amelia (about Cassie and Bruce):,P3-A-2-c.wav,5,46,male,English,yes,5fbb19f73dc031be050019d4,NULL
1611318533,eea10e72be5b19204eb501d2708705c6,PennController,10,0,experiment,NULL,PennController,8,_Trial_,End,1611318434566,Amelia (about Cassie and Bruce):,P3-A-2-c.wav,5,46,male,English,yes,5fbb19f73dc031be050019d4,NULL
1611318533,eea10e72be5b19204eb501d2708705c6,PennController,6,0,experiment,NULL,PennController,4,_Trial_,Start,1611318434568,Alexandra (about Sue and Mark):,P4-N-2-c.wav,5,46,male,English,yes,5fbb19f73dc031be050019d4,NULL
1611318533,eea10e72be5b19204eb501d2708705c6,PennController,6,0,experiment,NULL,Audio,P4-N-2-c.wav,play,0,1611318438598,Alexandra (about Sue and Mark):,P4-N-2-c.wav,5,46,male,English,yes,5fbb19f73dc031be050019d4,NULL
1611318533,eea10e72be5b19204eb501d2708705c6,PennController,6,0,experiment,NULL,Scale,score,Choice,<span style='visibility: hidden;'>6</span>,1611318446212,Alexandra (about Sue and Mark):,P4-N-2-c.wav,5,46,male,English,yes,5fbb19f73dc031be050019d4,NULL
1611318533,eea10e72be5b19204eb501d2708705c6,PennController,6,0,experiment,NULL,PennController,4,_Trial_,End,1611318448790,Alexandra (about Sue and Mark):,P4-N-2-c.wav,5,46,male,English,yes,5fbb19f73dc031be050019d4,NULL
1611318533,eea10e72be5b19204eb501d2708705c6,PennController,13,0,experiment,NULL,PennController,11,_Trial_,Start,1611318448793,Julie (about herself):,F1.wav,5,46,male,English,yes,5fbb19f73dc031be050019d4,NULL
1611318533,eea10e72be5b19204eb501d2708705c6,PennController,13,0,experiment,NULL,Audio,F1.wav,play,0,1611318453675,Julie (about herself):,F1.wav,5,46,male,English,yes,5fbb19f73dc031be050019d4,NULL
1611318533,eea10e72be5b19204eb501d2708705c6,PennController,13,0,experiment,NULL,Scale,score,Choice,Yes%2C certain,1611318459077,Julie (about herself):,F1.wav,5,46,male,English,yes,5fbb19f73dc031be050019d4,NULL
1611318533,eea10e72be5b19204eb501d2708705c6,PennController,13,0,experiment,NULL,PennController,11,_Trial_,End,1611318460705,Julie (about herself):,F1.wav,5,46,male,English,yes,5fbb19f73dc031be050019d4,NULL
1611318533,eea10e72be5b19204eb501d2708705c6,PennController,14,0,experiment,NULL,PennController,12,_Trial_,Start,1611318460707,June (about herself):,F2.wav,5,46,male,English,yes,5fbb19f73dc031be050019d4,NULL
1611318533,eea10e72be5b19204eb501d2708705c6,PennController,14,0,experiment,NULL,Audio,F2.wav,play,0,1611318465487,June (about herself):,F2.wav,5,46,male,English,yes,5fbb19f73dc031be050019d4,NULL
1611318533,eea10e72be5b19204eb501d2708705c6,PennController,14,0,experiment,NULL,Scale,score,Choice,Yes%2C certain,1611318468382,June (about herself):,F2.wav,5,46,male,English,yes,5fbb19f73dc031be050019d4,NULL
1611318533,eea10e72be5b19204eb501d2708705c6,PennController,14,0,experiment,NULL,PennController,12,_Trial_,End,1611318470002,June (about herself):,F2.wav,5,46,male,English,yes,5fbb19f73dc031be050019d4,NULL
1611318533,eea10e72be5b19204eb501d2708705c6,PennController,7,0,experiment,NULL,PennController,5,_Trial_,Start,1611318470005,Liam (about Greg and Tara):,P8-K-2-nc.wav,5,46,male,English,yes,5fbb19f73dc031be050019d4,NULL
1611318533,eea10e72be5b19204eb501d2708705c6,PennController,7,0,experiment,NULL,Audio,P8-K-2-nc.wav,play,0,1611318473466,Liam (about Greg and Tara):,P8-K-2-nc.wav,5,46,male,English,yes,5fbb19f73dc031be050019d4,NULL
1611318533,eea10e72be5b19204eb501d2708705c6,PennController,7,0,experiment,NULL,Scale,score,Choice,Yes%2C certain,1611318479846,Liam (about Greg and Tara):,P8-K-2-nc.wav,5,46,male,English,yes,5fbb19f73dc031be050019d4,NULL
1611318533,eea10e72be5b19204eb501d2708705c6,PennController,7,0,experiment,NULL,PennController,5,_Trial_,End,1611318482052,Liam (about Greg and Tara):,P8-K-2-nc.wav,5,46,male,English,yes,5fbb19f73dc031be050019d4,NULL
1611318533,eea10e72be5b19204eb501d2708705c6,PennController,12,0,experiment,NULL,PennController,10,_Trial_,Start,1611318482054,Jesse (about Simon):,P5-D-2-c.wav,5,46,male,English,yes,5fbb19f73dc031be050019d4,NULL
1611318533,eea10e72be5b19204eb501d2708705c6,PennController,12,0,experiment,NULL,Audio,P5-D-2-c.wav,play,0,1611318485129,Jesse (about Simon):,P5-D-2-c.wav,5,46,male,English,yes,5fbb19f73dc031be050019d4,NULL
1611318533,eea10e72be5b19204eb501d2708705c6,PennController,12,0,experiment,NULL,Scale,score,Choice,<span style='visibility: hidden;'>4</span>,1611318493171,Jesse (about Simon):,P5-D-2-c.wav,5,46,male,English,yes,5fbb19f73dc031be050019d4,NULL
1611318533,eea10e72be5b19204eb501d2708705c6,PennController,12,0,experiment,NULL,PennController,10,_Trial_,End,1611318494805,Jesse (about Simon):,P5-D-2-c.wav,5,46,male,English,yes,5fbb19f73dc031be050019d4,NULL
1611318533,eea10e72be5b19204eb501d2708705c6,PennController,8,0,experiment,NULL,PennController,6,_Trial_,Start,1611318494807,Patty (about Joan and Lenny):,P14-A-3-c.wav,5,46,male,English,yes,5fbb19f73dc031be050019d4,NULL
1611318533,eea10e72be5b19204eb501d2708705c6,PennController,8,0,experiment,NULL,Audio,P14-A-3-c.wav,play,0,1611318497885,Patty (about Joan and Lenny):,P14-A-3-c.wav,5,46,male,English,yes,5fbb19f73dc031be050019d4,NULL
1611318533,eea10e72be5b19204eb501d2708705c6,PennController,8,0,experiment,NULL,Audio,P14-A-3-c.wav,play,0,1611318503225,Patty (about Joan and Lenny):,P14-A-3-c.wav,5,46,male,English,yes,5fbb19f73dc031be050019d4,NULL
1611318533,eea10e72be5b19204eb501d2708705c6,PennController,8,0,experiment,NULL,Scale,score,Choice,<span style='visibility: hidden;'>6</span>,1611318512295,Patty (about Joan and Lenny):,P14-A-3-c.wav,5,46,male,English,yes,5fbb19f73dc031be050019d4,NULL
1611318533,eea10e72be5b19204eb501d2708705c6,PennController,8,0,experiment,NULL,PennController,6,_Trial_,End,1611318516243,Patty (about Joan and Lenny):,P14-A-3-c.wav,5,46,male,English,yes,5fbb19f73dc031be050019d4,NULL
1611318533,eea10e72be5b19204eb501d2708705c6,PennController,11,0,experiment,NULL,PennController,9,_Trial_,Start,1611318516245,Amy (about Maggie and Toby):,P1-K-3-nc.wav,5,46,male,English,yes,5fbb19f73dc031be050019d4,NULL
1611318533,eea10e72be5b19204eb501d2708705c6,PennController,11,0,experiment,NULL,Audio,P1-K-3-nc.wav,play,0,1611318520356,Amy (about Maggie and Toby):,P1-K-3-nc.wav,5,46,male,English,yes,5fbb19f73dc031be050019d4,NULL
1611318533,eea10e72be5b19204eb501d2708705c6,PennController,11,0,experiment,NULL,Scale,score,Choice,Possibly certain,1611318533947,Amy (about Maggie and Toby):,P1-K-3-nc.wav,5,46,male,English,yes,5fbb19f73dc031be050019d4,NULL
1611318533,eea10e72be5b19204eb501d2708705c6,PennController,11,0,experiment,NULL,PennController,9,_Trial_,End,1611318536682,Amy (about Maggie and Toby):,P1-K-3-nc.wav,5,46,male,English,yes,5fbb19f73dc031be050019d4,NULL
1611318578,f71a9f9c30a40e6518ce765081a8f930,PennController,10,0,experiment,NULL,PennController,8,_Trial_,Start,1611318507349,Amy (about Cassie and Bruce):,P1-A-2-c.wav,7,19,female,English,yes,5f00aaa0b864761ce8828d1e,NULL
1611318578,f71a9f9c30a40e6518ce765081a8f930,PennController,10,0,experiment,NULL,Audio,P1-A-2-c.wav,play,0,1611318508351,Amy (about Cassie and Bruce):,P1-A-2-c.wav,7,19,female,English,yes,5f00aaa0b864761ce8828d1e,NULL
1611318578,f71a9f9c30a40e6518ce765081a8f930,PennController,10,0,experiment,NULL,Scale,score,Choice,Possibly certain,1611318514200,Amy (about Cassie and Bruce):,P1-A-2-c.wav,7,19,female,English,yes,5f00aaa0b864761ce8828d1e,NULL
1611318578,f71a9f9c30a40e6518ce765081a8f930,PennController,10,0,experiment,NULL,PennController,8,_Trial_,End,1611318515485,Amy (about Cassie and Bruce):,P1-A-2-c.wav,7,19,female,English,yes,5f00aaa0b864761ce8828d1e,NULL
1611318578,f71a9f9c30a40e6518ce765081a8f930,PennController,11,0,experiment,NULL,PennController,9,_Trial_,Start,1611318515487,Lucas (about Maggie and Toby):,P12-K-3-nc.wav,7,19,female,English,yes,5f00aaa0b864761ce8828d1e,NULL
1611318578,f71a9f9c30a40e6518ce765081a8f930,PennController,11,0,experiment,NULL,Audio,P12-K-3-nc.wav,play,0,1611318516764,Lucas (about Maggie and Toby):,P12-K-3-nc.wav,7,19,female,English,yes,5f00aaa0b864761ce8828d1e,NULL
1611318578,f71a9f9c30a40e6518ce765081a8f930,PennController,11,0,experiment,NULL,Audio,P12-K-3-nc.wav,play,0,1611318523161,Lucas (about Maggie and Toby):,P12-K-3-nc.wav,7,19,female,English,yes,5f00aaa0b864761ce8828d1e,NULL
1611318578,f71a9f9c30a40e6518ce765081a8f930,PennController,11,0,experiment,NULL,Scale,score,Choice,<span style='visibility: hidden;'>2</span>,1611318528066,Lucas (about Maggie and Toby):,P12-K-3-nc.wav,7,19,female,English,yes,5f00aaa0b864761ce8828d1e,NULL
1611318578,f71a9f9c30a40e6518ce765081a8f930,PennController,11,0,experiment,NULL,PennController,9,_Trial_,End,1611318528808,Lucas (about Maggie and Toby):,P12-K-3-nc.wav,7,19,female,English,yes,5f00aaa0b864761ce8828d1e,NULL
1611318578,f71a9f9c30a40e6518ce765081a8f930,PennController,7,0,experiment,NULL,PennController,5,_Trial_,Start,1611318528811,Alexandra (about Greg and Tara):,P4-K-2-nc.wav,7,19,female,English,yes,5f00aaa0b864761ce8828d1e,NULL
1611318578,f71a9f9c30a40e6518ce765081a8f930,PennController,7,0,experiment,NULL,Audio,P4-K-2-nc.wav,play,0,1611318530446,Alexandra (about Greg and Tara):,P4-K-2-nc.wav,7,19,female,English,yes,5f00aaa0b864761ce8828d1e,NULL
1611318578,f71a9f9c30a40e6518ce765081a8f930,PennController,7,0,experiment,NULL,Scale,score,Choice,No%2C not certain,1611318537087,Alexandra (about Greg and Tara):,P4-K-2-nc.wav,7,19,female,English,yes,5f00aaa0b864761ce8828d1e,NULL
1611318578,f71a9f9c30a40e6518ce765081a8f930,PennController,7,0,experiment,NULL,PennController,5,_Trial_,End,1611318537770,Alexandra (about Greg and Tara):,P4-K-2-nc.wav,7,19,female,English,yes,5f00aaa0b864761ce8828d1e,NULL
1611318578,f71a9f9c30a40e6518ce765081a8f930,PennController,13,0,experiment,NULL,PennController,11,_Trial_,Start,1611318537772,Julie (about herself):,F1.wav,7,19,female,English,yes,5f00aaa0b864761ce8828d1e,NULL
1611318578,f71a9f9c30a40e6518ce765081a8f930,PennController,13,0,experiment,NULL,Audio,F1.wav,play,0,1611318538551,Julie (about herself):,F1.wav,7,19,female,English,yes,5f00aaa0b864761ce8828d1e,NULL
1611318578,f71a9f9c30a40e6518ce765081a8f930,PennController,13,0,experiment,NULL,Scale,score,Choice,Yes%2C certain,1611318541407,Julie (about herself):,F1.wav,7,19,female,English,yes,5f00aaa0b864761ce8828d1e,NULL
1611318578,f71a9f9c30a40e6518ce765081a8f930,PennController,13,0,experiment,NULL,PennController,11,_Trial_,End,1611318542324,Julie (about herself):,F1.wav,7,19,female,English,yes,5f00aaa0b864761ce8828d1e,NULL
1611318578,f71a9f9c30a40e6518ce765081a8f930,PennController,6,0,experiment,NULL,PennController,4,_Trial_,Start,1611318542327,Dana (about Sue and Mark):,P6-N-2-c.wav,7,19,female,English,yes,5f00aaa0b864761ce8828d1e,NULL
1611318578,f71a9f9c30a40e6518ce765081a8f930,PennController,6,0,experiment,NULL,Audio,P6-N-2-c.wav,play,0,1611318543584,Dana (about Sue and Mark):,P6-N-2-c.wav,7,19,female,English,yes,5f00aaa0b864761ce8828d1e,NULL
1611318578,f71a9f9c30a40e6518ce765081a8f930,PennController,6,0,experiment,NULL,Scale,score,Choice,Possibly not certain,1611318548727,Dana (about Sue and Mark):,P6-N-2-c.wav,7,19,female,English,yes,5f00aaa0b864761ce8828d1e,NULL
1611318578,f71a9f9c30a40e6518ce765081a8f930,PennController,6,0,experiment,NULL,PennController,4,_Trial_,End,1611318549303,Dana (about Sue and Mark):,P6-N-2-c.wav,7,19,female,English,yes,5f00aaa0b864761ce8828d1e,NULL
1611318578,f71a9f9c30a40e6518ce765081a8f930,PennController,9,0,experiment,NULL,PennController,7,_Trial_,Start,1611318549304,Amelia (about Selena and Scott):,P3-A-1-nc.wav,7,19,female,English,yes,5f00aaa0b864761ce8828d1e,NULL
1611318578,f71a9f9c30a40e6518ce765081a8f930,PennController,9,0,experiment,NULL,Audio,P3-A-1-nc.wav,play,0,1611318550527,Amelia (about Selena and Scott):,P3-A-1-nc.wav,7,19,female,English,yes,5f00aaa0b864761ce8828d1e,NULL
1611318578,f71a9f9c30a40e6518ce765081a8f930,PennController,9,0,experiment,NULL,Scale,score,Choice,<span style='visibility: hidden;'>2</span>,1611318558353,Amelia (about Selena and Scott):,P3-A-1-nc.wav,7,19,female,English,yes,5f00aaa0b864761ce8828d1e,NULL
1611318578,f71a9f9c30a40e6518ce765081a8f930,PennController,9,0,experiment,NULL,PennController,7,_Trial_,End,1611318558989,Amelia (about Selena and Scott):,P3-A-1-nc.wav,7,19,female,English,yes,5f00aaa0b864761ce8828d1e,NULL
1611318578,f71a9f9c30a40e6518ce765081a8f930,PennController,14,0,experiment,NULL,PennController,12,_Trial_,Start,1611318558993,June (about herself):,F2.wav,7,19,female,English,yes,5f00aaa0b864761ce8828d1e,NULL
1611318578,f71a9f9c30a40e6518ce765081a8f930,PennController,14,0,experiment,NULL,Audio,F2.wav,play,0,1611318560799,June (about herself):,F2.wav,7,19,female,English,yes,5f00aaa0b864761ce8828d1e,NULL
1611318578,f71a9f9c30a40e6518ce765081a8f930,PennController,14,0,experiment,NULL,Scale,score,Choice,Yes%2C certain,1611318562626,June (about herself):,F2.wav,7,19,female,English,yes,5f00aaa0b864761ce8828d1e,NULL
1611318578,f71a9f9c30a40e6518ce765081a8f930,PennController,14,0,experiment,NULL,PennController,12,_Trial_,End,1611318563801,June (about herself):,F2.wav,7,19,female,English,yes,5f00aaa0b864761ce8828d1e,NULL
1611318578,f71a9f9c30a40e6518ce765081a8f930,PennController,12,0,experiment,NULL,PennController,10,_Trial_,Start,1611318563804,Liam (about Simon):,P8-D-2-c.wav,7,19,female,English,yes,5f00aaa0b864761ce8828d1e,NULL
1611318578,f71a9f9c30a40e6518ce765081a8f930,PennController,12,0,experiment,NULL,Audio,P8-D-2-c.wav,play,0,1611318564852,Liam (about Simon):,P8-D-2-c.wav,7,19,female,English,yes,5f00aaa0b864761ce8828d1e,NULL
1611318578,f71a9f9c30a40e6518ce765081a8f930,PennController,12,0,experiment,NULL,Audio,P8-D-2-c.wav,play,0,1611318568140,Liam (about Simon):,P8-D-2-c.wav,7,19,female,English,yes,5f00aaa0b864761ce8828d1e,NULL
1611318578,f71a9f9c30a40e6518ce765081a8f930,PennController,12,0,experiment,NULL,Scale,score,Choice,Possibly not certain,1611318569158,Liam (about Simon):,P8-D-2-c.wav,7,19,female,English,yes,5f00aaa0b864761ce8828d1e,NULL
1611318578,f71a9f9c30a40e6518ce765081a8f930,PennController,12,0,experiment,NULL,PennController,10,_Trial_,End,1611318570749,Liam (about Simon):,P8-D-2-c.wav,7,19,female,English,yes,5f00aaa0b864761ce8828d1e,NULL
1611318578,f71a9f9c30a40e6518ce765081a8f930,PennController,8,0,experiment,NULL,PennController,6,_Trial_,Start,1611318570753,Jesse (about Joan and Lenny):,P5-A-3-c.wav,7,19,female,English,yes,5f00aaa0b864761ce8828d1e,NULL
1611318578,f71a9f9c30a40e6518ce765081a8f930,PennController,8,0,experiment,NULL,Audio,P5-A-3-c.wav,play,0,1611318571957,Jesse (about Joan and Lenny):,P5-A-3-c.wav,7,19,female,English,yes,5f00aaa0b864761ce8828d1e,NULL
1611318578,f71a9f9c30a40e6518ce765081a8f930,PennController,8,0,experiment,NULL,Scale,score,Choice,<span style='visibility: hidden;'>2</span>,1611318576703,Jesse (about Joan and Lenny):,P5-A-3-c.wav,7,19,female,English,yes,5f00aaa0b864761ce8828d1e,NULL
1611318578,f71a9f9c30a40e6518ce765081a8f930,PennController,8,0,experiment,NULL,PennController,6,_Trial_,End,1611318577183,Jesse (about Joan and Lenny):,P5-A-3-c.wav,7,19,female,English,yes,5f00aaa0b864761ce8828d1e,NULL
1611318591,5794209d215904ad6d7d6b1f7144ecf8,PennController,8,0,experiment,NULL,PennController,6,_Trial_,Start,1611318506148,Patty (about Joan and Lenny):,P14-A-3-nc.wav,6,32,female,English,yes,5e41604a69052239b7739deb,NULL
1611318591,5794209d215904ad6d7d6b1f7144ecf8,PennController,8,0,experiment,NULL,Audio,P14-A-3-nc.wav,play,0,1611318507301,Patty (about Joan and Lenny):,P14-A-3-nc.wav,6,32,female,English,yes,5e41604a69052239b7739deb,NULL
1611318591,5794209d215904ad6d7d6b1f7144ecf8,PennController,8,0,experiment,NULL,Scale,score,Choice,Possibly not certain,1611318517241,Patty (about Joan and Lenny):,P14-A-3-nc.wav,6,32,female,English,yes,5e41604a69052239b7739deb,NULL
1611318591,5794209d215904ad6d7d6b1f7144ecf8,PennController,8,0,experiment,NULL,PennController,6,_Trial_,End,1611318518474,Patty (about Joan and Lenny):,P14-A-3-nc.wav,6,32,female,English,yes,5e41604a69052239b7739deb,NULL
1611318591,5794209d215904ad6d7d6b1f7144ecf8,PennController,7,0,experiment,NULL,PennController,5,_Trial_,Start,1611318518478,Liam (about Greg and Tara):,P8-K-2-c.wav,6,32,female,English,yes,5e41604a69052239b7739deb,NULL
1611318591,5794209d215904ad6d7d6b1f7144ecf8,PennController,7,0,experiment,NULL,Audio,P8-K-2-c.wav,play,0,1611318521144,Liam (about Greg and Tara):,P8-K-2-c.wav,6,32,female,English,yes,5e41604a69052239b7739deb,NULL
1611318591,5794209d215904ad6d7d6b1f7144ecf8,PennController,7,0,experiment,NULL,Scale,score,Choice,Possibly not certain,1611318526125,Liam (about Greg and Tara):,P8-K-2-c.wav,6,32,female,English,yes,5e41604a69052239b7739deb,NULL
1611318591,5794209d215904ad6d7d6b1f7144ecf8,PennController,7,0,experiment,NULL,PennController,5,_Trial_,End,1611318526852,Liam (about Greg and Tara):,P8-K-2-c.wav,6,32,female,English,yes,5e41604a69052239b7739deb,NULL
1611318591,5794209d215904ad6d7d6b1f7144ecf8,PennController,9,0,experiment,NULL,PennController,7,_Trial_,Start,1611318526855,Lucas (about Selena and Scott):,P12-A-1-c.wav,6,32,female,English,yes,5e41604a69052239b7739deb,NULL
1611318591,5794209d215904ad6d7d6b1f7144ecf8,PennController,9,0,experiment,NULL,Audio,P12-A-1-c.wav,play,0,1611318529921,Lucas (about Selena and Scott):,P12-A-1-c.wav,6,32,female,English,yes,5e41604a69052239b7739deb,NULL
1611318591,5794209d215904ad6d7d6b1f7144ecf8,PennController,9,0,experiment,NULL,Scale,score,Choice,<span style='visibility: hidden;'>4</span>,1611318545751,Lucas (about Selena and Scott):,P12-A-1-c.wav,6,32,female,English,yes,5e41604a69052239b7739deb,NULL
1611318591,5794209d215904ad6d7d6b1f7144ecf8,PennController,9,0,experiment,NULL,PennController,7,_Trial_,End,1611318546429,Lucas (about Selena and Scott):,P12-A-1-c.wav,6,32,female,English,yes,5e41604a69052239b7739deb,NULL
1611318591,5794209d215904ad6d7d6b1f7144ecf8,PennController,12,0,experiment,NULL,PennController,10,_Trial_,Start,1611318546434,Jesse (about Simon),P5-D-2-nc.wav,6,32,female,English,yes,5e41604a69052239b7739deb,NULL
1611318591,5794209d215904ad6d7d6b1f7144ecf8,PennController,12,0,experiment,NULL,Audio,P5-D-2-nc.wav,play,0,1611318549303,Jesse (about Simon),P5-D-2-nc.wav,6,32,female,English,yes,5e41604a69052239b7739deb,NULL
1611318591,5794209d215904ad6d7d6b1f7144ecf8,PennController,12,0,experiment,NULL,Scale,score,Choice,Possibly certain,1611318555933,Jesse (about Simon),P5-D-2-nc.wav,6,32,female,English,yes,5e41604a69052239b7739deb,NULL
1611318591,5794209d215904ad6d7d6b1f7144ecf8,PennController,12,0,experiment,NULL,PennController,10,_Trial_,End,1611318556745,Jesse (about Simon),P5-D-2-nc.wav,6,32,female,English,yes,5e41604a69052239b7739deb,NULL
1611318591,5794209d215904ad6d7d6b1f7144ecf8,PennController,11,0,experiment,NULL,PennController,9,_Trial_,Start,1611318556746,Amy (about Maggie and Toby):,P1-K-3-c.wav,6,32,female,English,yes,5e41604a69052239b7739deb,NULL
1611318591,5794209d215904ad6d7d6b1f7144ecf8,PennController,11,0,experiment,NULL,Audio,P1-K-3-c.wav,play,0,1611318558995,Amy (about Maggie and Toby):,P1-K-3-c.wav,6,32,female,English,yes,5e41604a69052239b7739deb,NULL
1611318591,5794209d215904ad6d7d6b1f7144ecf8,PennController,11,0,experiment,NULL,Scale,score,Choice,Possibly not certain,1611318562615,Amy (about Maggie and Toby):,P1-K-3-c.wav,6,32,female,English,yes,5e41604a69052239b7739deb,NULL
1611318591,5794209d215904ad6d7d6b1f7144ecf8,PennController,11,0,experiment,NULL,PennController,9,_Trial_,End,1611318563707,Amy (about Maggie and Toby):,P1-K-3-c.wav,6,32,female,English,yes,5e41604a69052239b7739deb,NULL
1611318591,5794209d215904ad6d7d6b1f7144ecf8,PennController,10,0,experiment,NULL,PennController,8,_Trial_,Start,1611318563708,Amelia (about Cassie and Bruce):,P3-A-2-nc.wav,6,32,female,English,yes,5e41604a69052239b7739deb,NULL
1611318591,5794209d215904ad6d7d6b1f7144ecf8,PennController,10,0,experiment,NULL,Audio,P3-A-2-nc.wav,play,0,1611318565623,Amelia (about Cassie and Bruce):,P3-A-2-nc.wav,6,32,female,English,yes,5e41604a69052239b7739deb,NULL
1611318591,5794209d215904ad6d7d6b1f7144ecf8,PennController,10,0,experiment,NULL,Scale,score,Choice,<span style='visibility: hidden;'>4</span>,1611318570260,Amelia (about Cassie and Bruce):,P3-A-2-nc.wav,6,32,female,English,yes,5e41604a69052239b7739deb,NULL
1611318591,5794209d215904ad6d7d6b1f7144ecf8,PennController,10,0,experiment,NULL,PennController,8,_Trial_,End,1611318571416,Amelia (about Cassie and Bruce):,P3-A-2-nc.wav,6,32,female,English,yes,5e41604a69052239b7739deb,NULL
1611318591,5794209d215904ad6d7d6b1f7144ecf8,PennController,6,0,experiment,NULL,PennController,4,_Trial_,Start,1611318571419,Alexandra (about Sue and Mark):,P4-N-2-nc.wav,6,32,female,English,yes,5e41604a69052239b7739deb,NULL
1611318591,5794209d215904ad6d7d6b1f7144ecf8,PennController,6,0,experiment,NULL,Audio,P4-N-2-nc.wav,play,0,1611318573735,Alexandra (about Sue and Mark):,P4-N-2-nc.wav,6,32,female,English,yes,5e41604a69052239b7739deb,NULL
1611318591,5794209d215904ad6d7d6b1f7144ecf8,PennController,6,0,experiment,NULL,Scale,score,Choice,Possibly certain,1611318577099,Alexandra (about Sue and Mark):,P4-N-2-nc.wav,6,32,female,English,yes,5e41604a69052239b7739deb,NULL
1611318591,5794209d215904ad6d7d6b1f7144ecf8,PennController,6,0,experiment,NULL,PennController,4,_Trial_,End,1611318577749,Alexandra (about Sue and Mark):,P4-N-2-nc.wav,6,32,female,English,yes,5e41604a69052239b7739deb,NULL
1611318591,5794209d215904ad6d7d6b1f7144ecf8,PennController,13,0,experiment,NULL,PennController,11,_Trial_,Start,1611318577753,Julie (about herself):,F1.wav,6,32,female,English,yes,5e41604a69052239b7739deb,NULL
1611318591,5794209d215904ad6d7d6b1f7144ecf8,PennController,13,0,experiment,NULL,Audio,F1.wav,play,0,1611318580519,Julie (about herself):,F1.wav,6,32,female,English,yes,5e41604a69052239b7739deb,NULL
1611318591,5794209d215904ad6d7d6b1f7144ecf8,PennController,13,0,experiment,NULL,Scale,score,Choice,Yes%2C certain,1611318583402,Julie (about herself):,F1.wav,6,32,female,English,yes,5e41604a69052239b7739deb,NULL
1611318591,5794209d215904ad6d7d6b1f7144ecf8,PennController,13,0,experiment,NULL,PennController,11,_Trial_,End,1611318584363,Julie (about herself):,F1.wav,6,32,female,English,yes,5e41604a69052239b7739deb,NULL
1611318591,5794209d215904ad6d7d6b1f7144ecf8,PennController,14,0,experiment,NULL,PennController,12,_Trial_,Start,1611318584366,June (about herself):,F2.wav,6,32,female,English,yes,5e41604a69052239b7739deb,NULL
1611318591,5794209d215904ad6d7d6b1f7144ecf8,PennController,14,0,experiment,NULL,Audio,F2.wav,play,0,1611318585738,June (about herself):,F2.wav,6,32,female,English,yes,5e41604a69052239b7739deb,NULL
1611318591,5794209d215904ad6d7d6b1f7144ecf8,PennController,14,0,experiment,NULL,Scale,score,Choice,Yes%2C certain,1611318588769,June (about herself):,F2.wav,6,32,female,English,yes,5e41604a69052239b7739deb,NULL
1611318591,5794209d215904ad6d7d6b1f7144ecf8,PennController,14,0,experiment,NULL,PennController,12,_Trial_,End,1611318589814,June (about herself):,F2.wav,6,32,female,English,yes,5e41604a69052239b7739deb,NULL
1611318674,3fab67b7705ed1ba3b730b7b6d7e1293,PennController,6,0,experiment,NULL,PennController,4,_Trial_,Start,1611318560742,Dana (about Sue and Mark):,P6-N-2-nc.wav,8,22,male,English,yes,5f4a5d1e0ac6645d0a4881ee,NULL
1611318674,3fab67b7705ed1ba3b730b7b6d7e1293,PennController,6,0,experiment,NULL,Audio,P6-N-2-nc.wav,play,0,1611318562126,Dana (about Sue and Mark):,P6-N-2-nc.wav,8,22,male,English,yes,5f4a5d1e0ac6645d0a4881ee,NULL
1611318674,3fab67b7705ed1ba3b730b7b6d7e1293,PennController,6,0,experiment,NULL,Audio,P6-N-2-nc.wav,play,0,1611318569415,Dana (about Sue and Mark):,P6-N-2-nc.wav,8,22,male,English,yes,5f4a5d1e0ac6645d0a4881ee,NULL
1611318674,3fab67b7705ed1ba3b730b7b6d7e1293,PennController,6,0,experiment,NULL,Scale,score,Choice,Possibly certain,1611318576381,Dana (about Sue and Mark):,P6-N-2-nc.wav,8,22,male,English,yes,5f4a5d1e0ac6645d0a4881ee,NULL
1611318674,3fab67b7705ed1ba3b730b7b6d7e1293,PennController,6,0,experiment,NULL,PennController,4,_Trial_,End,1611318576903,Dana (about Sue and Mark):,P6-N-2-nc.wav,8,22,male,English,yes,5f4a5d1e0ac6645d0a4881ee,NULL
1611318674,3fab67b7705ed1ba3b730b7b6d7e1293,PennController,7,0,experiment,NULL,PennController,5,_Trial_,Start,1611318576904,Alexandra (about Greg and Tara):,P4-K-2-c.wav,8,22,male,English,yes,5f4a5d1e0ac6645d0a4881ee,NULL
1611318674,3fab67b7705ed1ba3b730b7b6d7e1293,PennController,7,0,experiment,NULL,Audio,P4-K-2-c.wav,play,0,1611318578262,Alexandra (about Greg and Tara):,P4-K-2-c.wav,8,22,male,English,yes,5f4a5d1e0ac6645d0a4881ee,NULL
1611318674,3fab67b7705ed1ba3b730b7b6d7e1293,PennController,7,0,experiment,NULL,Audio,P4-K-2-c.wav,play,0,1611318581582,Alexandra (about Greg and Tara):,P4-K-2-c.wav,8,22,male,English,yes,5f4a5d1e0ac6645d0a4881ee,NULL
1611318674,3fab67b7705ed1ba3b730b7b6d7e1293,PennController,7,0,experiment,NULL,Scale,score,Choice,<span style='visibility: hidden;'>6</span>,1611318593349,Alexandra (about Greg and Tara):,P4-K-2-c.wav,8,22,male,English,yes,5f4a5d1e0ac6645d0a4881ee,NULL
1611318674,3fab67b7705ed1ba3b730b7b6d7e1293,PennController,7,0,experiment,NULL,PennController,5,_Trial_,End,1611318594087,Alexandra (about Greg and Tara):,P4-K-2-c.wav,8,22,male,English,yes,5f4a5d1e0ac6645d0a4881ee,NULL
1611318674,3fab67b7705ed1ba3b730b7b6d7e1293,PennController,9,0,experiment,NULL,PennController,7,_Trial_,Start,1611318594088,Amelia (about Selena and Scott):,P3-A-1-c.wav,8,22,male,English,yes,5f4a5d1e0ac6645d0a4881ee,NULL
1611318674,3fab67b7705ed1ba3b730b7b6d7e1293,PennController,9,0,experiment,NULL,Audio,P3-A-1-c.wav,play,0,1611318595838,Amelia (about Selena and Scott):,P3-A-1-c.wav,8,22,male,English,yes,5f4a5d1e0ac6645d0a4881ee,NULL
1611318674,3fab67b7705ed1ba3b730b7b6d7e1293,PennController,9,0,experiment,NULL,Scale,score,Choice,Possibly certain,1611318608325,Amelia (about Selena and Scott):,P3-A-1-c.wav,8,22,male,English,yes,5f4a5d1e0ac6645d0a4881ee,NULL
1611318674,3fab67b7705ed1ba3b730b7b6d7e1293,PennController,9,0,experiment,NULL,PennController,7,_Trial_,End,1611318608911,Amelia (about Selena and Scott):,P3-A-1-c.wav,8,22,male,English,yes,5f4a5d1e0ac6645d0a4881ee,NULL
1611318674,3fab67b7705ed1ba3b730b7b6d7e1293,PennController,8,0,experiment,NULL,PennController,6,_Trial_,Start,1611318608912,Jesse (about Joan and Lenny):,P5-A-3-nc.wav,8,22,male,English,yes,5f4a5d1e0ac6645d0a4881ee,NULL
1611318674,3fab67b7705ed1ba3b730b7b6d7e1293,PennController,8,0,experiment,NULL,Audio,P5-A-3-nc.wav,play,0,1611318610182,Jesse (about Joan and Lenny):,P5-A-3-nc.wav,8,22,male,English,yes,5f4a5d1e0ac6645d0a4881ee,NULL
1611318674,3fab67b7705ed1ba3b730b7b6d7e1293,PennController,8,0,experiment,NULL,Scale,score,Choice,Possibly certain,1611318621574,Jesse (about Joan and Lenny):,P5-A-3-nc.wav,8,22,male,English,yes,5f4a5d1e0ac6645d0a4881ee,NULL
1611318674,3fab67b7705ed1ba3b730b7b6d7e1293,PennController,8,0,experiment,NULL,PennController,6,_Trial_,End,1611318623511,Jesse (about Joan and Lenny):,P5-A-3-nc.wav,8,22,male,English,yes,5f4a5d1e0ac6645d0a4881ee,NULL
1611318674,3fab67b7705ed1ba3b730b7b6d7e1293,PennController,13,0,experiment,NULL,PennController,11,_Trial_,Start,1611318623512,Julie (about herself):,F1.wav,8,22,male,English,yes,5f4a5d1e0ac6645d0a4881ee,NULL
1611318674,3fab67b7705ed1ba3b730b7b6d7e1293,PennController,13,0,experiment,NULL,Audio,F1.wav,play,0,1611318626430,Julie (about herself):,F1.wav,8,22,male,English,yes,5f4a5d1e0ac6645d0a4881ee,NULL
1611318674,3fab67b7705ed1ba3b730b7b6d7e1293,PennController,13,0,experiment,NULL,Scale,score,Choice,Yes%2C certain,1611318629821,Julie (about herself):,F1.wav,8,22,male,English,yes,5f4a5d1e0ac6645d0a4881ee,NULL
1611318674,3fab67b7705ed1ba3b730b7b6d7e1293,PennController,13,0,experiment,NULL,PennController,11,_Trial_,End,1611318630879,Julie (about herself):,F1.wav,8,22,male,English,yes,5f4a5d1e0ac6645d0a4881ee,NULL
1611318674,3fab67b7705ed1ba3b730b7b6d7e1293,PennController,14,0,experiment,NULL,PennController,12,_Trial_,Start,1611318630880,June (about herself):,F2.wav,8,22,male,English,yes,5f4a5d1e0ac6645d0a4881ee,NULL
1611318674,3fab67b7705ed1ba3b730b7b6d7e1293,PennController,14,0,experiment,NULL,Audio,F2.wav,play,0,1611318632062,June (about herself):,F2.wav,8,22,male,English,yes,5f4a5d1e0ac6645d0a4881ee,NULL
1611318674,3fab67b7705ed1ba3b730b7b6d7e1293,PennController,14,0,experiment,NULL,Scale,score,Choice,Yes%2C certain,1611318634725,June (about herself):,F2.wav,8,22,male,English,yes,5f4a5d1e0ac6645d0a4881ee,NULL
1611318674,3fab67b7705ed1ba3b730b7b6d7e1293,PennController,14,0,experiment,NULL,PennController,12,_Trial_,End,1611318635535,June (about herself):,F2.wav,8,22,male,English,yes,5f4a5d1e0ac6645d0a4881ee,NULL
1611318674,3fab67b7705ed1ba3b730b7b6d7e1293,PennController,10,0,experiment,NULL,PennController,8,_Trial_,Start,1611318635537,Amy (about Cassie and Bruce):,P1-A-2-nc.wav,8,22,male,English,yes,5f4a5d1e0ac6645d0a4881ee,NULL
1611318674,3fab67b7705ed1ba3b730b7b6d7e1293,PennController,10,0,experiment,NULL,Audio,P1-A-2-nc.wav,play,0,1611318636685,Amy (about Cassie and Bruce):,P1-A-2-nc.wav,8,22,male,English,yes,5f4a5d1e0ac6645d0a4881ee,NULL
1611318674,3fab67b7705ed1ba3b730b7b6d7e1293,PennController,10,0,experiment,NULL,Audio,P1-A-2-nc.wav,play,0,1611318645198,Amy (about Cassie and Bruce):,P1-A-2-nc.wav,8,22,male,English,yes,5f4a5d1e0ac6645d0a4881ee,NULL
1611318674,3fab67b7705ed1ba3b730b7b6d7e1293,PennController,10,0,experiment,NULL,Scale,score,Choice,Possibly certain,1611318648670,Amy (about Cassie and Bruce):,P1-A-2-nc.wav,8,22,male,English,yes,5f4a5d1e0ac6645d0a4881ee,NULL
1611318674,3fab67b7705ed1ba3b730b7b6d7e1293,PennController,10,0,experiment,NULL,PennController,8,_Trial_,End,1611318649326,Amy (about Cassie and Bruce):,P1-A-2-nc.wav,8,22,male,English,yes,5f4a5d1e0ac6645d0a4881ee,NULL
1611318674,3fab67b7705ed1ba3b730b7b6d7e1293,PennController,12,0,experiment,NULL,PennController,10,_Trial_,Start,1611318649327,Liam (about Simon):,P8-D-2-nc.wav,8,22,male,English,yes,5f4a5d1e0ac6645d0a4881ee,NULL
1611318674,3fab67b7705ed1ba3b730b7b6d7e1293,PennController,12,0,experiment,NULL,Audio,P8-D-2-nc.wav,play,0,1611318650958,Liam (about Simon):,P8-D-2-nc.wav,8,22,male,English,yes,5f4a5d1e0ac6645d0a4881ee,NULL
1611318674,3fab67b7705ed1ba3b730b7b6d7e1293,PennController,12,0,experiment,NULL,Audio,P8-D-2-nc.wav,play,0,1611318653294,Liam (about Simon):,P8-D-2-nc.wav,8,22,male,English,yes,5f4a5d1e0ac6645d0a4881ee,NULL
1611318674,3fab67b7705ed1ba3b730b7b6d7e1293,PennController,12,0,experiment,NULL,Audio,P8-D-2-nc.wav,play,0,1611318655758,Liam (about Simon):,P8-D-2-nc.wav,8,22,male,English,yes,5f4a5d1e0ac6645d0a4881ee,NULL
1611318674,3fab67b7705ed1ba3b730b7b6d7e1293,PennController,12,0,experiment,NULL,Audio,P8-D-2-nc.wav,play,0,1611318663181,Liam (about Simon):,P8-D-2-nc.wav,8,22,male,English,yes,5f4a5d1e0ac6645d0a4881ee,NULL
1611318674,3fab67b7705ed1ba3b730b7b6d7e1293,PennController,12,0,experiment,NULL,Scale,score,Choice,Yes%2C certain,1611318662053,Liam (about Simon):,P8-D-2-nc.wav,8,22,male,English,yes,5f4a5d1e0ac6645d0a4881ee,NULL
1611318674,3fab67b7705ed1ba3b730b7b6d7e1293,PennController,12,0,experiment,NULL,PennController,10,_Trial_,End,1611318666366,Liam (about Simon):,P8-D-2-nc.wav,8,22,male,English,yes,5f4a5d1e0ac6645d0a4881ee,NULL
1611318674,3fab67b7705ed1ba3b730b7b6d7e1293,PennController,11,0,experiment,NULL,PennController,9,_Trial_,Start,1611318666368,Lucas (about Maggie and Toby):,P12-K-3-c.wav,8,22,male,English,yes,5f4a5d1e0ac6645d0a4881ee,NULL
1611318674,3fab67b7705ed1ba3b730b7b6d7e1293,PennController,11,0,experiment,NULL,Audio,P12-K-3-c.wav,play,0,1611318667725,Lucas (about Maggie and Toby):,P12-K-3-c.wav,8,22,male,English,yes,5f4a5d1e0ac6645d0a4881ee,NULL
1611318674,3fab67b7705ed1ba3b730b7b6d7e1293,PennController,11,0,experiment,NULL,Scale,score,Choice,Possibly certain,1611318671852,Lucas (about Maggie and Toby):,P12-K-3-c.wav,8,22,male,English,yes,5f4a5d1e0ac6645d0a4881ee,NULL
1611318674,3fab67b7705ed1ba3b730b7b6d7e1293,PennController,11,0,experiment,NULL,PennController,9,_Trial_,End,1611318672670,Lucas (about Maggie and Toby):,P12-K-3-c.wav,8,22,male,English,yes,5f4a5d1e0ac6645d0a4881ee,NULL
1611319410,e1e16dffcd3d02cf8b84a3bde9c7f394,PennController,8,0,experiment,NULL,PennController,6,_Trial_,Start,1611319340369,Liam (about Joan and Lenny):,P8-A-3-c.wav,1,22,female,English,yes,5dc592c6aa431440aa755d5b,NULL
1611319410,e1e16dffcd3d02cf8b84a3bde9c7f394,PennController,8,0,experiment,NULL,Audio,P8-A-3-c.wav,play,0,1611319345661,Liam (about Joan and Lenny):,P8-A-3-c.wav,1,22,female,English,yes,5dc592c6aa431440aa755d5b,NULL
1611319410,e1e16dffcd3d02cf8b84a3bde9c7f394,PennController,8,0,experiment,NULL,Scale,score,Choice,Possibly certain,1611319354043,Liam (about Joan and Lenny):,P8-A-3-c.wav,1,22,female,English,yes,5dc592c6aa431440aa755d5b,NULL
1611319410,e1e16dffcd3d02cf8b84a3bde9c7f394,PennController,8,0,experiment,NULL,PennController,6,_Trial_,End,1611319355164,Liam (about Joan and Lenny):,P8-A-3-c.wav,1,22,female,English,yes,5dc592c6aa431440aa755d5b,NULL
1611319410,e1e16dffcd3d02cf8b84a3bde9c7f394,PennController,7,0,experiment,NULL,PennController,5,_Trial_,Start,1611319355167,Patty (about Greg and Tara):,P14-K-2-nc.wav,1,22,female,English,yes,5dc592c6aa431440aa755d5b,NULL
1611319410,e1e16dffcd3d02cf8b84a3bde9c7f394,PennController,7,0,experiment,NULL,Audio,P14-K-2-nc.wav,play,0,1611319357018,Patty (about Greg and Tara):,P14-K-2-nc.wav,1,22,female,English,yes,5dc592c6aa431440aa755d5b,NULL
1611319410,e1e16dffcd3d02cf8b84a3bde9c7f394,PennController,7,0,experiment,NULL,Scale,score,Choice,Yes%2C certain,1611319362808,Patty (about Greg and Tara):,P14-K-2-nc.wav,1,22,female,English,yes,5dc592c6aa431440aa755d5b,NULL
1611319410,e1e16dffcd3d02cf8b84a3bde9c7f394,PennController,7,0,experiment,NULL,PennController,5,_Trial_,End,1611319363631,Patty (about Greg and Tara):,P14-K-2-nc.wav,1,22,female,English,yes,5dc592c6aa431440aa755d5b,NULL
1611319410,e1e16dffcd3d02cf8b84a3bde9c7f394,PennController,12,0,experiment,NULL,PennController,10,_Trial_,Start,1611319363632,Lucas (about Simon):,P12-D-2-c.wav,1,22,female,English,yes,5dc592c6aa431440aa755d5b,NULL
1611319410,e1e16dffcd3d02cf8b84a3bde9c7f394,PennController,12,0,experiment,NULL,Audio,P12-D-2-c.wav,play,0,1611319364946,Lucas (about Simon):,P12-D-2-c.wav,1,22,female,English,yes,5dc592c6aa431440aa755d5b,NULL
1611319410,e1e16dffcd3d02cf8b84a3bde9c7f394,PennController,12,0,experiment,NULL,Scale,score,Choice,Possibly certain,1611319369731,Lucas (about Simon):,P12-D-2-c.wav,1,22,female,English,yes,5dc592c6aa431440aa755d5b,NULL
1611319410,e1e16dffcd3d02cf8b84a3bde9c7f394,PennController,12,0,experiment,NULL,PennController,10,_Trial_,End,1611319370485,Lucas (about Simon):,P12-D-2-c.wav,1,22,female,English,yes,5dc592c6aa431440aa755d5b,NULL
1611319410,e1e16dffcd3d02cf8b84a3bde9c7f394,PennController,13,0,experiment,NULL,PennController,11,_Trial_,Start,1611319370487,Julie (about herself):,F1.wav,1,22,female,English,yes,5dc592c6aa431440aa755d5b,NULL
1611319410,e1e16dffcd3d02cf8b84a3bde9c7f394,PennController,13,0,experiment,NULL,Audio,F1.wav,play,0,1611319371726,Julie (about herself):,F1.wav,1,22,female,English,yes,5dc592c6aa431440aa755d5b,NULL
1611319410,e1e16dffcd3d02cf8b84a3bde9c7f394,PennController,13,0,experiment,NULL,Scale,score,Choice,Yes%2C certain,1611319374362,Julie (about herself):,F1.wav,1,22,female,English,yes,5dc592c6aa431440aa755d5b,NULL
1611319410,e1e16dffcd3d02cf8b84a3bde9c7f394,PennController,13,0,experiment,NULL,PennController,11,_Trial_,End,1611319375335,Julie (about herself):,F1.wav,1,22,female,English,yes,5dc592c6aa431440aa755d5b,NULL
1611319410,e1e16dffcd3d02cf8b84a3bde9c7f394,PennController,14,0,experiment,NULL,PennController,12,_Trial_,Start,1611319375337,June (about herself):,F2.wav,1,22,female,English,yes,5dc592c6aa431440aa755d5b,NULL
1611319410,e1e16dffcd3d02cf8b84a3bde9c7f394,PennController,14,0,experiment,NULL,Audio,F2.wav,play,0,1611319377172,June (about herself):,F2.wav,1,22,female,English,yes,5dc592c6aa431440aa755d5b,NULL
1611319410,e1e16dffcd3d02cf8b84a3bde9c7f394,PennController,14,0,experiment,NULL,Scale,score,Choice,Yes%2C certain,1611319380061,June (about herself):,F2.wav,1,22,female,English,yes,5dc592c6aa431440aa755d5b,NULL
1611319410,e1e16dffcd3d02cf8b84a3bde9c7f394,PennController,14,0,experiment,NULL,PennController,12,_Trial_,End,1611319381384,June (about herself):,F2.wav,1,22,female,English,yes,5dc592c6aa431440aa755d5b,NULL
1611319410,e1e16dffcd3d02cf8b84a3bde9c7f394,PennController,10,0,experiment,NULL,PennController,8,_Trial_,Start,1611319381386,Ethan (about Cassie and Bruce):,P11-A-2-c.wav,1,22,female,English,yes,5dc592c6aa431440aa755d5b,NULL
1611319410,e1e16dffcd3d02cf8b84a3bde9c7f394,PennController,10,0,experiment,NULL,Audio,P11-A-2-c.wav,play,0,1611319382714,Ethan (about Cassie and Bruce):,P11-A-2-c.wav,1,22,female,English,yes,5dc592c6aa431440aa755d5b,NULL
1611319410,e1e16dffcd3d02cf8b84a3bde9c7f394,PennController,10,0,experiment,NULL,Scale,score,Choice,Possibly certain,1611319389549,Ethan (about Cassie and Bruce):,P11-A-2-c.wav,1,22,female,English,yes,5dc592c6aa431440aa755d5b,NULL
1611319410,e1e16dffcd3d02cf8b84a3bde9c7f394,PennController,10,0,experiment,NULL,PennController,8,_Trial_,End,1611319390465,Ethan (about Cassie and Bruce):,P11-A-2-c.wav,1,22,female,English,yes,5dc592c6aa431440aa755d5b,NULL
1611319410,e1e16dffcd3d02cf8b84a3bde9c7f394,PennController,9,0,experiment,NULL,PennController,7,_Trial_,Start,1611319390468,Dana (about Selena and Scott):,P6-A-1-nc.wav,1,22,female,English,yes,5dc592c6aa431440aa755d5b,NULL
1611319410,e1e16dffcd3d02cf8b84a3bde9c7f394,PennController,9,0,experiment,NULL,Audio,P6-A-1-nc.wav,play,0,1611319393128,Dana (about Selena and Scott):,P6-A-1-nc.wav,1,22,female,English,yes,5dc592c6aa431440aa755d5b,NULL
1611319410,e1e16dffcd3d02cf8b84a3bde9c7f394,PennController,9,0,experiment,NULL,Scale,score,Choice,Possibly certain,1611319396910,Dana (about Selena and Scott):,P6-A-1-nc.wav,1,22,female,English,yes,5dc592c6aa431440aa755d5b,NULL
1611319410,e1e16dffcd3d02cf8b84a3bde9c7f394,PennController,9,0,experiment,NULL,PennController,7,_Trial_,End,1611319397785,Dana (about Selena and Scott):,P6-A-1-nc.wav,1,22,female,English,yes,5dc592c6aa431440aa755d5b,NULL
1611319410,e1e16dffcd3d02cf8b84a3bde9c7f394,PennController,6,0,experiment,NULL,PennController,4,_Trial_,Start,1611319397788,Amy (about Sue and Mark):,P1-N-2-c.wav,1,22,female,English,yes,5dc592c6aa431440aa755d5b,NULL
1611319410,e1e16dffcd3d02cf8b84a3bde9c7f394,PennController,6,0,experiment,NULL,Audio,P1-N-2-c.wav,play,0,1611319399847,Amy (about Sue and Mark):,P1-N-2-c.wav,1,22,female,English,yes,5dc592c6aa431440aa755d5b,NULL
1611319410,e1e16dffcd3d02cf8b84a3bde9c7f394,PennController,6,0,experiment,NULL,Scale,score,Choice,<span style='visibility: hidden;'>6</span>,1611319403879,Amy (about Sue and Mark):,P1-N-2-c.wav,1,22,female,English,yes,5dc592c6aa431440aa755d5b,NULL
1611319410,e1e16dffcd3d02cf8b84a3bde9c7f394,PennController,6,0,experiment,NULL,PennController,4,_Trial_,End,1611319405028,Amy (about Sue and Mark):,P1-N-2-c.wav,1,22,female,English,yes,5dc592c6aa431440aa755d5b,NULL
1611319410,e1e16dffcd3d02cf8b84a3bde9c7f394,PennController,11,0,experiment,NULL,PennController,9,_Trial_,Start,1611319405029,Alexandra (about Maggie and Toby):,P4-K-3-nc.wav,1,22,female,English,yes,5dc592c6aa431440aa755d5b,NULL
1611319410,e1e16dffcd3d02cf8b84a3bde9c7f394,PennController,11,0,experiment,NULL,Audio,P4-K-3-nc.wav,play,0,1611319406604,Alexandra (about Maggie and Toby):,P4-K-3-nc.wav,1,22,female,English,yes,5dc592c6aa431440aa755d5b,NULL
1611319410,e1e16dffcd3d02cf8b84a3bde9c7f394,PennController,11,0,experiment,NULL,Scale,score,Choice,Possibly not certain,1611319409694,Alexandra (about Maggie and Toby):,P4-K-3-nc.wav,1,22,female,English,yes,5dc592c6aa431440aa755d5b,NULL
1611319410,e1e16dffcd3d02cf8b84a3bde9c7f394,PennController,11,0,experiment,NULL,PennController,9,_Trial_,End,1611319410404,Alexandra (about Maggie and Toby):,P4-K-3-nc.wav,1,22,female,English,yes,5dc592c6aa431440aa755d5b,NULL
1611319633,88a5268d4120f340499869155057d796,PennController,12,0,experiment,NULL,PennController,10,_Trial_,Start,1611319543222,Lucas (about Simon):,P12-D-2-nc.wav,2,26,female,English,yes,5e6e442f779df43f9b825868,NULL
1611319633,88a5268d4120f340499869155057d796,PennController,12,0,experiment,NULL,Audio,P12-D-2-nc.wav,play,0,1611319545218,Lucas (about Simon):,P12-D-2-nc.wav,2,26,female,English,yes,5e6e442f779df43f9b825868,NULL
1611319633,88a5268d4120f340499869155057d796,PennController,12,0,experiment,NULL,Scale,score,Choice,<span style='visibility: hidden;'>4</span>,1611319557199,Lucas (about Simon):,P12-D-2-nc.wav,2,26,female,English,yes,5e6e442f779df43f9b825868,NULL
1611319633,88a5268d4120f340499869155057d796,PennController,12,0,experiment,NULL,PennController,10,_Trial_,End,1611319557989,Lucas (about Simon):,P12-D-2-nc.wav,2,26,female,English,yes,5e6e442f779df43f9b825868,NULL
1611319633,88a5268d4120f340499869155057d796,PennController,7,0,experiment,NULL,PennController,5,_Trial_,Start,1611319557991,Patty (about Greg and Tara):,P14-K-2-c.wav,2,26,female,English,yes,5e6e442f779df43f9b825868,NULL
1611319633,88a5268d4120f340499869155057d796,PennController,7,0,experiment,NULL,Audio,P14-K-2-c.wav,play,0,1611319560892,Patty (about Greg and Tara):,P14-K-2-c.wav,2,26,female,English,yes,5e6e442f779df43f9b825868,NULL
1611319633,88a5268d4120f340499869155057d796,PennController,7,0,experiment,NULL,Scale,score,Choice,Possibly certain,1611319565359,Patty (about Greg and Tara):,P14-K-2-c.wav,2,26,female,English,yes,5e6e442f779df43f9b825868,NULL
1611319633,88a5268d4120f340499869155057d796,PennController,7,0,experiment,NULL,PennController,5,_Trial_,End,1611319566363,Patty (about Greg and Tara):,P14-K-2-c.wav,2,26,female,English,yes,5e6e442f779df43f9b825868,NULL
1611319633,88a5268d4120f340499869155057d796,PennController,6,0,experiment,NULL,PennController,4,_Trial_,Start,1611319566367,Amy (about Sue and Mark):,P1-N-2-nc.wav,2,26,female,English,yes,5e6e442f779df43f9b825868,NULL
1611319633,88a5268d4120f340499869155057d796,PennController,6,0,experiment,NULL,Audio,P1-N-2-nc.wav,play,0,1611319568321,Amy (about Sue and Mark):,P1-N-2-nc.wav,2,26,female,English,yes,5e6e442f779df43f9b825868,NULL
1611319633,88a5268d4120f340499869155057d796,PennController,6,0,experiment,NULL,Scale,score,Choice,Possibly certain,1611319571967,Amy (about Sue and Mark):,P1-N-2-nc.wav,2,26,female,English,yes,5e6e442f779df43f9b825868,NULL
1611319633,88a5268d4120f340499869155057d796,PennController,6,0,experiment,NULL,PennController,4,_Trial_,End,1611319573269,Amy (about Sue and Mark):,P1-N-2-nc.wav,2,26,female,English,yes,5e6e442f779df43f9b825868,NULL
1611319633,88a5268d4120f340499869155057d796,PennController,11,0,experiment,NULL,PennController,9,_Trial_,Start,1611319573270,Alexandra (about Maggie and Toby):,P4-K-3-c.wav,2,26,female,English,yes,5e6e442f779df43f9b825868,NULL
1611319633,88a5268d4120f340499869155057d796,PennController,11,0,experiment,NULL,Audio,P4-K-3-c.wav,play,0,1611319576019,Alexandra (about Maggie and Toby):,P4-K-3-c.wav,2,26,female,English,yes,5e6e442f779df43f9b825868,NULL
1611319633,88a5268d4120f340499869155057d796,PennController,11,0,experiment,NULL,Scale,score,Choice,<span style='visibility: hidden;'>4</span>,1611319584810,Alexandra (about Maggie and Toby):,P4-K-3-c.wav,2,26,female,English,yes,5e6e442f779df43f9b825868,NULL
1611319633,88a5268d4120f340499869155057d796,PennController,11,0,experiment,NULL,PennController,9,_Trial_,End,1611319585578,Alexandra (about Maggie and Toby):,P4-K-3-c.wav,2,26,female,English,yes,5e6e442f779df43f9b825868,NULL
1611319633,88a5268d4120f340499869155057d796,PennController,13,0,experiment,NULL,PennController,11,_Trial_,Start,1611319585580,Julie (about herself):,F1.wav,2,26,female,English,yes,5e6e442f779df43f9b825868,NULL
1611319633,88a5268d4120f340499869155057d796,PennController,13,0,experiment,NULL,Audio,F1.wav,play,0,1611319588064,Julie (about herself):,F1.wav,2,26,female,English,yes,5e6e442f779df43f9b825868,NULL
1611319633,88a5268d4120f340499869155057d796,PennController,13,0,experiment,NULL,Scale,score,Choice,<span style='visibility: hidden;'>6</span>,1611319596682,Julie (about herself):,F1.wav,2,26,female,English,yes,5e6e442f779df43f9b825868,NULL
1611319633,88a5268d4120f340499869155057d796,PennController,13,0,experiment,NULL,PennController,11,_Trial_,End,1611319598396,Julie (about herself):,F1.wav,2,26,female,English,yes,5e6e442f779df43f9b825868,NULL
1611319633,88a5268d4120f340499869155057d796,PennController,8,0,experiment,NULL,PennController,6,_Trial_,Start,1611319598398,Liam (about Joan and Lenny):,P8-A-3-nc.wav,2,26,female,English,yes,5e6e442f779df43f9b825868,NULL
1611319633,88a5268d4120f340499869155057d796,PennController,8,0,experiment,NULL,Audio,P8-A-3-nc.wav,play,0,1611319600305,Liam (about Joan and Lenny):,P8-A-3-nc.wav,2,26,female,English,yes,5e6e442f779df43f9b825868,NULL
1611319633,88a5268d4120f340499869155057d796,PennController,8,0,experiment,NULL,Scale,score,Choice,Possibly certain,1611319605270,Liam (about Joan and Lenny):,P8-A-3-nc.wav,2,26,female,English,yes,5e6e442f779df43f9b825868,NULL
1611319633,88a5268d4120f340499869155057d796,PennController,8,0,experiment,NULL,PennController,6,_Trial_,End,1611319606563,Liam (about Joan and Lenny):,P8-A-3-nc.wav,2,26,female,English,yes,5e6e442f779df43f9b825868,NULL
1611319633,88a5268d4120f340499869155057d796,PennController,10,0,experiment,NULL,PennController,8,_Trial_,Start,1611319606564,Ethan (about Cassie and Bruce):,P11-A-2-nc.wav,2,26,female,English,yes,5e6e442f779df43f9b825868,NULL
1611319633,88a5268d4120f340499869155057d796,PennController,10,0,experiment,NULL,Audio,P11-A-2-nc.wav,play,0,1611319608351,Ethan (about Cassie and Bruce):,P11-A-2-nc.wav,2,26,female,English,yes,5e6e442f779df43f9b825868,NULL
1611319633,88a5268d4120f340499869155057d796,PennController,10,0,experiment,NULL,Scale,score,Choice,<span style='visibility: hidden;'>4</span>,1611319613596,Ethan (about Cassie and Bruce):,P11-A-2-nc.wav,2,26,female,English,yes,5e6e442f779df43f9b825868,NULL
1611319633,88a5268d4120f340499869155057d796,PennController,10,0,experiment,NULL,PennController,8,_Trial_,End,1611319615094,Ethan (about Cassie and Bruce):,P11-A-2-nc.wav,2,26,female,English,yes,5e6e442f779df43f9b825868,NULL
1611319633,88a5268d4120f340499869155057d796,PennController,9,0,experiment,NULL,PennController,7,_Trial_,Start,1611319615096,Dana (about Selena and Scott):,P6-A-1-c.wav,2,26,female,English,yes,5e6e442f779df43f9b825868,NULL
1611319633,88a5268d4120f340499869155057d796,PennController,9,0,experiment,NULL,Audio,P6-A-1-c.wav,play,0,1611319616274,Dana (about Selena and Scott):,P6-A-1-c.wav,2,26,female,English,yes,5e6e442f779df43f9b825868,NULL
1611319633,88a5268d4120f340499869155057d796,PennController,9,0,experiment,NULL,Scale,score,Choice,Possibly certain,1611319622694,Dana (about Selena and Scott):,P6-A-1-c.wav,2,26,female,English,yes,5e6e442f779df43f9b825868,NULL
1611319633,88a5268d4120f340499869155057d796,PennController,9,0,experiment,NULL,PennController,7,_Trial_,End,1611319623602,Dana (about Selena and Scott):,P6-A-1-c.wav,2,26,female,English,yes,5e6e442f779df43f9b825868,NULL
1611319633,88a5268d4120f340499869155057d796,PennController,14,0,experiment,NULL,PennController,12,_Trial_,Start,1611319623606,June (about herself):,F2.wav,2,26,female,English,yes,5e6e442f779df43f9b825868,NULL
1611319633,88a5268d4120f340499869155057d796,PennController,14,0,experiment,NULL,Audio,F2.wav,play,0,1611319625482,June (about herself):,F2.wav,2,26,female,English,yes,5e6e442f779df43f9b825868,NULL
1611319633,88a5268d4120f340499869155057d796,PennController,14,0,experiment,NULL,Scale,score,Choice,<span style='visibility: hidden;'>6</span>,1611319631869,June (about herself):,F2.wav,2,26,female,English,yes,5e6e442f779df43f9b825868,NULL
1611319633,88a5268d4120f340499869155057d796,PennController,14,0,experiment,NULL,PennController,12,_Trial_,End,1611319632599,June (about herself):,F2.wav,2,26,female,English,yes,5e6e442f779df43f9b825868,NULL
1611319698,670666faaea7e11f043002ea97391a4d,PennController,10,0,experiment,NULL,PennController,8,_Trial_,Start,1611319598313,Liam (about Cassie and Bruce):,P8-A-2-c.wav,3,19,male,English,yes,5fffa1f2ecbb6011cf637dbb,NULL
1611319698,670666faaea7e11f043002ea97391a4d,PennController,10,0,experiment,NULL,Audio,P8-A-2-c.wav,play,0,1611319599160,Liam (about Cassie and Bruce):,P8-A-2-c.wav,3,19,male,English,yes,5fffa1f2ecbb6011cf637dbb,NULL
1611319698,670666faaea7e11f043002ea97391a4d,PennController,10,0,experiment,NULL,Audio,P8-A-2-c.wav,play,0,1611319603494,Liam (about Cassie and Bruce):,P8-A-2-c.wav,3,19,male,English,yes,5fffa1f2ecbb6011cf637dbb,NULL
1611319698,670666faaea7e11f043002ea97391a4d,PennController,10,0,experiment,NULL,Audio,P8-A-2-c.wav,play,0,1611319606015,Liam (about Cassie and Bruce):,P8-A-2-c.wav,3,19,male,English,yes,5fffa1f2ecbb6011cf637dbb,NULL
1611319698,670666faaea7e11f043002ea97391a4d,PennController,10,0,experiment,NULL,Audio,P8-A-2-c.wav,play,0,1611319609597,Liam (about Cassie and Bruce):,P8-A-2-c.wav,3,19,male,English,yes,5fffa1f2ecbb6011cf637dbb,NULL
1611319698,670666faaea7e11f043002ea97391a4d,PennController,10,0,experiment,NULL,Audio,P8-A-2-c.wav,play,0,1611319613123,Liam (about Cassie and Bruce):,P8-A-2-c.wav,3,19,male,English,yes,5fffa1f2ecbb6011cf637dbb,NULL
1611319698,670666faaea7e11f043002ea97391a4d,PennController,10,0,experiment,NULL,Audio,P8-A-2-c.wav,play,0,1611319615701,Liam (about Cassie and Bruce):,P8-A-2-c.wav,3,19,male,English,yes,5fffa1f2ecbb6011cf637dbb,NULL
1611319698,670666faaea7e11f043002ea97391a4d,PennController,10,0,experiment,NULL,Audio,P8-A-2-c.wav,play,0,1611319624404,Liam (about Cassie and Bruce):,P8-A-2-c.wav,3,19,male,English,yes,5fffa1f2ecbb6011cf637dbb,NULL
1611319698,670666faaea7e11f043002ea97391a4d,PennController,10,0,experiment,NULL,Scale,score,Choice,Possibly not certain,1611319626522,Liam (about Cassie and Bruce):,P8-A-2-c.wav,3,19,male,English,yes,5fffa1f2ecbb6011cf637dbb,NULL
1611319698,670666faaea7e11f043002ea97391a4d,PennController,10,0,experiment,NULL,PennController,8,_Trial_,End,1611319631541,Liam (about Cassie and Bruce):,P8-A-2-c.wav,3,19,male,English,yes,5fffa1f2ecbb6011cf637dbb,NULL
1611319698,670666faaea7e11f043002ea97391a4d,PennController,7,0,experiment,NULL,PennController,5,_Trial_,Start,1611319631542,Ethan (about Greg and Tara):,P11-K-2-nc.wav,3,19,male,English,yes,5fffa1f2ecbb6011cf637dbb,NULL
1611319698,670666faaea7e11f043002ea97391a4d,PennController,7,0,experiment,NULL,Audio,P11-K-2-nc.wav,play,0,1611319632950,Ethan (about Greg and Tara):,P11-K-2-nc.wav,3,19,male,English,yes,5fffa1f2ecbb6011cf637dbb,NULL
1611319698,670666faaea7e11f043002ea97391a4d,PennController,7,0,experiment,NULL,Audio,P11-K-2-nc.wav,play,0,1611319635887,Ethan (about Greg and Tara):,P11-K-2-nc.wav,3,19,male,English,yes,5fffa1f2ecbb6011cf637dbb,NULL
1611319698,670666faaea7e11f043002ea97391a4d,PennController,7,0,experiment,NULL,Scale,score,Choice,Possibly certain,1611319637705,Ethan (about Greg and Tara):,P11-K-2-nc.wav,3,19,male,English,yes,5fffa1f2ecbb6011cf637dbb,NULL
1611319698,670666faaea7e11f043002ea97391a4d,PennController,7,0,experiment,NULL,PennController,5,_Trial_,End,1611319639221,Ethan (about Greg and Tara):,P11-K-2-nc.wav,3,19,male,English,yes,5fffa1f2ecbb6011cf637dbb,NULL
1611319698,670666faaea7e11f043002ea97391a4d,PennController,11,0,experiment,NULL,PennController,9,_Trial_,Start,1611319639222,Sophia (about Maggie and Toby):,P9-K-3-nc.wav,3,19,male,English,yes,5fffa1f2ecbb6011cf637dbb,NULL
1611319698,670666faaea7e11f043002ea97391a4d,PennController,11,0,experiment,NULL,Audio,P9-K-3-nc.wav,play,0,1611319639797,Sophia (about Maggie and Toby):,P9-K-3-nc.wav,3,19,male,English,yes,5fffa1f2ecbb6011cf637dbb,NULL
1611319698,670666faaea7e11f043002ea97391a4d,PennController,11,0,experiment,NULL,Audio,P9-K-3-nc.wav,play,0,1611319642631,Sophia (about Maggie and Toby):,P9-K-3-nc.wav,3,19,male,English,yes,5fffa1f2ecbb6011cf637dbb,NULL
1611319698,670666faaea7e11f043002ea97391a4d,PennController,11,0,experiment,NULL,Audio,P9-K-3-nc.wav,play,0,1611319645464,Sophia (about Maggie and Toby):,P9-K-3-nc.wav,3,19,male,English,yes,5fffa1f2ecbb6011cf637dbb,NULL
1611319698,670666faaea7e11f043002ea97391a4d,PennController,11,0,experiment,NULL,Scale,score,Choice,Possibly certain,1611319648182,Sophia (about Maggie and Toby):,P9-K-3-nc.wav,3,19,male,English,yes,5fffa1f2ecbb6011cf637dbb,NULL
1611319698,670666faaea7e11f043002ea97391a4d,PennController,11,0,experiment,NULL,PennController,9,_Trial_,End,1611319648797,Sophia (about Maggie and Toby):,P9-K-3-nc.wav,3,19,male,English,yes,5fffa1f2ecbb6011cf637dbb,NULL
1611319698,670666faaea7e11f043002ea97391a4d,PennController,14,0,experiment,NULL,PennController,12,_Trial_,Start,1611319648798,June (about herself):,F2.wav,3,19,male,English,yes,5fffa1f2ecbb6011cf637dbb,NULL
1611319698,670666faaea7e11f043002ea97391a4d,PennController,14,0,experiment,NULL,Audio,F2.wav,play,0,1611319649538,June (about herself):,F2.wav,3,19,male,English,yes,5fffa1f2ecbb6011cf637dbb,NULL
1611319698,670666faaea7e11f043002ea97391a4d,PennController,14,0,experiment,NULL,Audio,F2.wav,play,0,1611319651746,June (about herself):,F2.wav,3,19,male,English,yes,5fffa1f2ecbb6011cf637dbb,NULL
1611319698,670666faaea7e11f043002ea97391a4d,PennController,14,0,experiment,NULL,Scale,score,Choice,Yes%2C certain,1611319653281,June (about herself):,F2.wav,3,19,male,English,yes,5fffa1f2ecbb6011cf637dbb,NULL
1611319698,670666faaea7e11f043002ea97391a4d,PennController,14,0,experiment,NULL,PennController,12,_Trial_,End,1611319653819,June (about herself):,F2.wav,3,19,male,English,yes,5fffa1f2ecbb6011cf637dbb,NULL
1611319698,670666faaea7e11f043002ea97391a4d,PennController,13,0,experiment,NULL,PennController,11,_Trial_,Start,1611319653819,Julie (about herself):,F1.wav,3,19,male,English,yes,5fffa1f2ecbb6011cf637dbb,NULL
1611319698,670666faaea7e11f043002ea97391a4d,PennController,13,0,experiment,NULL,Audio,F1.wav,play,0,1611319654425,Julie (about herself):,F1.wav,3,19,male,English,yes,5fffa1f2ecbb6011cf637dbb,NULL
1611319698,670666faaea7e11f043002ea97391a4d,PennController,13,0,experiment,NULL,Scale,score,Choice,Yes%2C certain,1611319656826,Julie (about herself):,F1.wav,3,19,male,English,yes,5fffa1f2ecbb6011cf637dbb,NULL
1611319698,670666faaea7e11f043002ea97391a4d,PennController,13,0,experiment,NULL,PennController,11,_Trial_,End,1611319657230,Julie (about herself):,F1.wav,3,19,male,English,yes,5fffa1f2ecbb6011cf637dbb,NULL
1611319698,670666faaea7e11f043002ea97391a4d,PennController,12,0,experiment,NULL,PennController,10,_Trial_,Start,1611319657231,Amelia (about Simon):,P3-D-2-c.wav,3,19,male,English,yes,5fffa1f2ecbb6011cf637dbb,NULL
1611319698,670666faaea7e11f043002ea97391a4d,PennController,12,0,experiment,NULL,Audio,P3-D-2-c.wav,play,0,1611319657915,Amelia (about Simon):,P3-D-2-c.wav,3,19,male,English,yes,5fffa1f2ecbb6011cf637dbb,NULL
1611319698,670666faaea7e11f043002ea97391a4d,PennController,12,0,experiment,NULL,Audio,P3-D-2-c.wav,play,0,1611319660534,Amelia (about Simon):,P3-D-2-c.wav,3,19,male,English,yes,5fffa1f2ecbb6011cf637dbb,NULL
1611319698,670666faaea7e11f043002ea97391a4d,PennController,12,0,experiment,NULL,Audio,P3-D-2-c.wav,play,0,1611319663003,Amelia (about Simon):,P3-D-2-c.wav,3,19,male,English,yes,5fffa1f2ecbb6011cf637dbb,NULL
1611319698,670666faaea7e11f043002ea97391a4d,PennController,12,0,experiment,NULL,Audio,P3-D-2-c.wav,play,0,1611319666935,Amelia (about Simon):,P3-D-2-c.wav,3,19,male,English,yes,5fffa1f2ecbb6011cf637dbb,NULL
1611319698,670666faaea7e11f043002ea97391a4d,PennController,12,0,experiment,NULL,Scale,score,Choice,Possibly not certain,1611319672280,Amelia (about Simon):,P3-D-2-c.wav,3,19,male,English,yes,5fffa1f2ecbb6011cf637dbb,NULL
1611319698,670666faaea7e11f043002ea97391a4d,PennController,12,0,experiment,NULL,PennController,10,_Trial_,End,1611319672788,Amelia (about Simon):,P3-D-2-c.wav,3,19,male,English,yes,5fffa1f2ecbb6011cf637dbb,NULL
1611319698,670666faaea7e11f043002ea97391a4d,PennController,9,0,experiment,NULL,PennController,7,_Trial_,Start,1611319672788,Alexandra (about Selena and Scott):,P4-A-1-nc.wav,3,19,male,English,yes,5fffa1f2ecbb6011cf637dbb,NULL
1611319698,670666faaea7e11f043002ea97391a4d,PennController,9,0,experiment,NULL,Audio,P4-A-1-nc.wav,play,0,1611319673481,Alexandra (about Selena and Scott):,P4-A-1-nc.wav,3,19,male,English,yes,5fffa1f2ecbb6011cf637dbb,NULL
1611319698,670666faaea7e11f043002ea97391a4d,PennController,9,0,experiment,NULL,Audio,P4-A-1-nc.wav,play,0,1611319678646,Alexandra (about Selena and Scott):,P4-A-1-nc.wav,3,19,male,English,yes,5fffa1f2ecbb6011cf637dbb,NULL
1611319698,670666faaea7e11f043002ea97391a4d,PennController,9,0,experiment,NULL,Scale,score,Choice,Possibly certain,1611319684231,Alexandra (about Selena and Scott):,P4-A-1-nc.wav,3,19,male,English,yes,5fffa1f2ecbb6011cf637dbb,NULL
1611319698,670666faaea7e11f043002ea97391a4d,PennController,9,0,experiment,NULL,PennController,7,_Trial_,End,1611319684695,Alexandra (about Selena and Scott):,P4-A-1-nc.wav,3,19,male,English,yes,5fffa1f2ecbb6011cf637dbb,NULL
1611319698,670666faaea7e11f043002ea97391a4d,PennController,6,0,experiment,NULL,PennController,4,_Trial_,Start,1611319684696,Lucas (about Sue and Mark):,P12-N-2-c.wav,3,19,male,English,yes,5fffa1f2ecbb6011cf637dbb,NULL
1611319698,670666faaea7e11f043002ea97391a4d,PennController,6,0,experiment,NULL,Audio,P12-N-2-c.wav,play,0,1611319685235,Lucas (about Sue and Mark):,P12-N-2-c.wav,3,19,male,English,yes,5fffa1f2ecbb6011cf637dbb,NULL
1611319698,670666faaea7e11f043002ea97391a4d,PennController,6,0,experiment,NULL,Audio,P12-N-2-c.wav,play,0,1611319688416,Lucas (about Sue and Mark):,P12-N-2-c.wav,3,19,male,English,yes,5fffa1f2ecbb6011cf637dbb,NULL
1611319698,670666faaea7e11f043002ea97391a4d,PennController,6,0,experiment,NULL,Scale,score,Choice,Possibly certain,1611319689369,Lucas (about Sue and Mark):,P12-N-2-c.wav,3,19,male,English,yes,5fffa1f2ecbb6011cf637dbb,NULL
1611319698,670666faaea7e11f043002ea97391a4d,PennController,6,0,experiment,NULL,PennController,4,_Trial_,End,1611319689812,Lucas (about Sue and Mark):,P12-N-2-c.wav,3,19,male,English,yes,5fffa1f2ecbb6011cf637dbb,NULL
1611319698,670666faaea7e11f043002ea97391a4d,PennController,8,0,experiment,NULL,PennController,6,_Trial_,Start,1611319689813,Dana (about Joan and Lenny):,P6-A-3-c.wav,3,19,male,English,yes,5fffa1f2ecbb6011cf637dbb,NULL
1611319698,670666faaea7e11f043002ea97391a4d,PennController,8,0,experiment,NULL,Audio,P6-A-3-c.wav,play,0,1611319690473,Dana (about Joan and Lenny):,P6-A-3-c.wav,3,19,male,English,yes,5fffa1f2ecbb6011cf637dbb,NULL
1611319698,670666faaea7e11f043002ea97391a4d,PennController,8,0,experiment,NULL,Audio,P6-A-3-c.wav,play,0,1611319693332,Dana (about Joan and Lenny):,P6-A-3-c.wav,3,19,male,English,yes,5fffa1f2ecbb6011cf637dbb,NULL
1611319698,670666faaea7e11f043002ea97391a4d,PennController,8,0,experiment,NULL,Scale,score,Choice,Possibly certain,1611319695495,Dana (about Joan and Lenny):,P6-A-3-c.wav,3,19,male,English,yes,5fffa1f2ecbb6011cf637dbb,NULL
1611319698,670666faaea7e11f043002ea97391a4d,PennController,8,0,experiment,NULL,PennController,6,_Trial_,End,1611319696442,Dana (about Joan and Lenny):,P6-A-3-c.wav,3,19,male,English,yes,5fffa1f2ecbb6011cf637dbb,NULL
1611317982,be7b7cde46ed2821f4b2ad606ce4e5aa,PennController,14,0,experiment,NULL,PennController,12,_Trial_,Start,1611317866326,June (about herself):,F2.wav,4,20,male,English,yes,5ef503fe30e972139a113bc1,NULL
1611317982,be7b7cde46ed2821f4b2ad606ce4e5aa,PennController,14,0,experiment,NULL,Audio,F2.wav,play,0,1611317867481,June (about herself):,F2.wav,4,20,male,English,yes,5ef503fe30e972139a113bc1,NULL
1611317982,be7b7cde46ed2821f4b2ad606ce4e5aa,PennController,14,0,experiment,NULL,Audio,F2.wav,play,0,1611317870901,June (about herself):,F2.wav,4,20,male,English,yes,5ef503fe30e972139a113bc1,NULL
1611317982,be7b7cde46ed2821f4b2ad606ce4e5aa,PennController,14,0,experiment,NULL,Audio,F2.wav,play,0,1611317876607,June (about herself):,F2.wav,4,20,male,English,yes,5ef503fe30e972139a113bc1,NULL
1611317982,be7b7cde46ed2821f4b2ad606ce4e5aa,PennController,14,0,experiment,NULL,Audio,F2.wav,play,0,1611317879129,June (about herself):,F2.wav,4,20,male,English,yes,5ef503fe30e972139a113bc1,NULL
1611317982,be7b7cde46ed2821f4b2ad606ce4e5aa,PennController,14,0,experiment,NULL,Audio,F2.wav,play,0,1611317882989,June (about herself):,F2.wav,4,20,male,English,yes,5ef503fe30e972139a113bc1,NULL
1611317982,be7b7cde46ed2821f4b2ad606ce4e5aa,PennController,14,0,experiment,NULL,Audio,F2.wav,play,0,1611317885082,June (about herself):,F2.wav,4,20,male,English,yes,5ef503fe30e972139a113bc1,NULL
1611317982,be7b7cde46ed2821f4b2ad606ce4e5aa,PennController,14,0,experiment,NULL,Scale,score,Choice,<span style='visibility: hidden;'>6</span>,1611317889436,June (about herself):,F2.wav,4,20,male,English,yes,5ef503fe30e972139a113bc1,NULL
1611317982,be7b7cde46ed2821f4b2ad606ce4e5aa,PennController,14,0,experiment,NULL,PennController,12,_Trial_,End,1611317890005,June (about herself):,F2.wav,4,20,male,English,yes,5ef503fe30e972139a113bc1,NULL
1611317982,be7b7cde46ed2821f4b2ad606ce4e5aa,PennController,10,0,experiment,NULL,PennController,8,_Trial_,Start,1611317890008,Liam (about Cassie and Bruce):,P8-A-2-nc.wav,4,20,male,English,yes,5ef503fe30e972139a113bc1,NULL
1611317982,be7b7cde46ed2821f4b2ad606ce4e5aa,PennController,10,0,experiment,NULL,Audio,P8-A-2-nc.wav,play,0,1611317891365,Liam (about Cassie and Bruce):,P8-A-2-nc.wav,4,20,male,English,yes,5ef503fe30e972139a113bc1,NULL
1611317982,be7b7cde46ed2821f4b2ad606ce4e5aa,PennController,10,0,experiment,NULL,Audio,P8-A-2-nc.wav,play,0,1611317893917,Liam (about Cassie and Bruce):,P8-A-2-nc.wav,4,20,male,English,yes,5ef503fe30e972139a113bc1,NULL
1611317982,be7b7cde46ed2821f4b2ad606ce4e5aa,PennController,10,0,experiment,NULL,Audio,P8-A-2-nc.wav,play,0,1611317897240,Liam (about Cassie and Bruce):,P8-A-2-nc.wav,4,20,male,English,yes,5ef503fe30e972139a113bc1,NULL
1611317982,be7b7cde46ed2821f4b2ad606ce4e5aa,PennController,10,0,experiment,NULL,Audio,P8-A-2-nc.wav,play,0,1611317905384,Liam (about Cassie and Bruce):,P8-A-2-nc.wav,4,20,male,English,yes,5ef503fe30e972139a113bc1,NULL
1611317982,be7b7cde46ed2821f4b2ad606ce4e5aa,PennController,10,0,experiment,NULL,Scale,score,Choice,Possibly certain,1611317907291,Liam (about Cassie and Bruce):,P8-A-2-nc.wav,4,20,male,English,yes,5ef503fe30e972139a113bc1,NULL
1611317982,be7b7cde46ed2821f4b2ad606ce4e5aa,PennController,10,0,experiment,NULL,PennController,8,_Trial_,End,1611317908091,Liam (about Cassie and Bruce):,P8-A-2-nc.wav,4,20,male,English,yes,5ef503fe30e972139a113bc1,NULL
1611317982,be7b7cde46ed2821f4b2ad606ce4e5aa,PennController,9,0,experiment,NULL,PennController,7,_Trial_,Start,1611317908093,Alexandra (about Selena and Scott):,P4-A-1-c.wav,4,20,male,English,yes,5ef503fe30e972139a113bc1,NULL
1611317982,be7b7cde46ed2821f4b2ad606ce4e5aa,PennController,9,0,experiment,NULL,Audio,P4-A-1-c.wav,play,0,1611317909573,Alexandra (about Selena and Scott):,P4-A-1-c.wav,4,20,male,English,yes,5ef503fe30e972139a113bc1,NULL
1611317982,be7b7cde46ed2821f4b2ad606ce4e5aa,PennController,9,0,experiment,NULL,Audio,P4-A-1-c.wav,play,0,1611317913261,Alexandra (about Selena and Scott):,P4-A-1-c.wav,4,20,male,English,yes,5ef503fe30e972139a113bc1,NULL
1611317982,be7b7cde46ed2821f4b2ad606ce4e5aa,PennController,9,0,experiment,NULL,Scale,score,Choice,Possibly certain,1611317918536,Alexandra (about Selena and Scott):,P4-A-1-c.wav,4,20,male,English,yes,5ef503fe30e972139a113bc1,NULL
1611317982,be7b7cde46ed2821f4b2ad606ce4e5aa,PennController,9,0,experiment,NULL,PennController,7,_Trial_,End,1611317919656,Alexandra (about Selena and Scott):,P4-A-1-c.wav,4,20,male,English,yes,5ef503fe30e972139a113bc1,NULL
1611317982,be7b7cde46ed2821f4b2ad606ce4e5aa,PennController,12,0,experiment,NULL,PennController,10,_Trial_,Start,1611317919658,Amelia (about Simon):,P3-D-2-nc.wav,4,20,male,English,yes,5ef503fe30e972139a113bc1,NULL
1611317982,be7b7cde46ed2821f4b2ad606ce4e5aa,PennController,12,0,experiment,NULL,Audio,P3-D-2-nc.wav,play,0,1611317921168,Amelia (about Simon):,P3-D-2-nc.wav,4,20,male,English,yes,5ef503fe30e972139a113bc1,NULL
1611317982,be7b7cde46ed2821f4b2ad606ce4e5aa,PennController,12,0,experiment,NULL,Scale,score,Choice,Possibly certain,1611317924964,Amelia (about Simon):,P3-D-2-nc.wav,4,20,male,English,yes,5ef503fe30e972139a113bc1,NULL
1611317982,be7b7cde46ed2821f4b2ad606ce4e5aa,PennController,12,0,experiment,NULL,PennController,10,_Trial_,End,1611317927067,Amelia (about Simon):,P3-D-2-nc.wav,4,20,male,English,yes,5ef503fe30e972139a113bc1,NULL
1611317982,be7b7cde46ed2821f4b2ad606ce4e5aa,PennController,11,0,experiment,NULL,PennController,9,_Trial_,Start,1611317927069,Sophia (about Maggie and Toby):,P9-K-3-c.wav,4,20,male,English,yes,5ef503fe30e972139a113bc1,NULL
1611317982,be7b7cde46ed2821f4b2ad606ce4e5aa,PennController,11,0,experiment,NULL,Audio,P9-K-3-c.wav,play,0,1611317928271,Sophia (about Maggie and Toby):,P9-K-3-c.wav,4,20,male,English,yes,5ef503fe30e972139a113bc1,NULL
1611317982,be7b7cde46ed2821f4b2ad606ce4e5aa,PennController,11,0,experiment,NULL,Audio,P9-K-3-c.wav,play,0,1611317930256,Sophia (about Maggie and Toby):,P9-K-3-c.wav,4,20,male,English,yes,5ef503fe30e972139a113bc1,NULL
1611317982,be7b7cde46ed2821f4b2ad606ce4e5aa,PennController,11,0,experiment,NULL,Audio,P9-K-3-c.wav,play,0,1611317933482,Sophia (about Maggie and Toby):,P9-K-3-c.wav,4,20,male,English,yes,5ef503fe30e972139a113bc1,NULL
1611317982,be7b7cde46ed2821f4b2ad606ce4e5aa,PennController,11,0,experiment,NULL,Scale,score,Choice,Possibly certain,1611317934465,Sophia (about Maggie and Toby):,P9-K-3-c.wav,4,20,male,English,yes,5ef503fe30e972139a113bc1,NULL
1611317982,be7b7cde46ed2821f4b2ad606ce4e5aa,PennController,11,0,experiment,NULL,PennController,9,_Trial_,End,1611317935289,Sophia (about Maggie and Toby):,P9-K-3-c.wav,4,20,male,English,yes,5ef503fe30e972139a113bc1,NULL
1611317982,be7b7cde46ed2821f4b2ad606ce4e5aa,PennController,6,0,experiment,NULL,PennController,4,_Trial_,Start,1611317935291,Lucas (about Sue and Mark):,P12-N-2-nc.wav,4,20,male,English,yes,5ef503fe30e972139a113bc1,NULL
1611317982,be7b7cde46ed2821f4b2ad606ce4e5aa,PennController,6,0,experiment,NULL,Audio,P12-N-2-nc.wav,play,0,1611317936224,Lucas (about Sue and Mark):,P12-N-2-nc.wav,4,20,male,English,yes,5ef503fe30e972139a113bc1,NULL
1611317982,be7b7cde46ed2821f4b2ad606ce4e5aa,PennController,6,0,experiment,NULL,Scale,score,Choice,Possibly certain,1611317941493,Lucas (about Sue and Mark):,P12-N-2-nc.wav,4,20,male,English,yes,5ef503fe30e972139a113bc1,NULL
1611317982,be7b7cde46ed2821f4b2ad606ce4e5aa,PennController,6,0,experiment,NULL,PennController,4,_Trial_,End,1611317941978,Lucas (about Sue and Mark):,P12-N-2-nc.wav,4,20,male,English,yes,5ef503fe30e972139a113bc1,NULL
1611317982,be7b7cde46ed2821f4b2ad606ce4e5aa,PennController,8,0,experiment,NULL,PennController,6,_Trial_,Start,1611317941980,Dana (about Joan and Lenny):,P6-A-3-nc.wav,4,20,male,English,yes,5ef503fe30e972139a113bc1,NULL
1611317982,be7b7cde46ed2821f4b2ad606ce4e5aa,PennController,8,0,experiment,NULL,Audio,P6-A-3-nc.wav,play,0,1611317942837,Dana (about Joan and Lenny):,P6-A-3-nc.wav,4,20,male,English,yes,5ef503fe30e972139a113bc1,NULL
1611317982,be7b7cde46ed2821f4b2ad606ce4e5aa,PennController,8,0,experiment,NULL,Audio,P6-A-3-nc.wav,play,0,1611317945750,Dana (about Joan and Lenny):,P6-A-3-nc.wav,4,20,male,English,yes,5ef503fe30e972139a113bc1,NULL
1611317982,be7b7cde46ed2821f4b2ad606ce4e5aa,PennController,8,0,experiment,NULL,Audio,P6-A-3-nc.wav,play,0,1611317949158,Dana (about Joan and Lenny):,P6-A-3-nc.wav,4,20,male,English,yes,5ef503fe30e972139a113bc1,NULL
1611317982,be7b7cde46ed2821f4b2ad606ce4e5aa,PennController,8,0,experiment,NULL,Audio,P6-A-3-nc.wav,play,0,1611317952368,Dana (about Joan and Lenny):,P6-A-3-nc.wav,4,20,male,English,yes,5ef503fe30e972139a113bc1,NULL
1611317982,be7b7cde46ed2821f4b2ad606ce4e5aa,PennController,8,0,experiment,NULL,Scale,score,Choice,Possibly certain,1611317955887,Dana (about Joan and Lenny):,P6-A-3-nc.wav,4,20,male,English,yes,5ef503fe30e972139a113bc1,NULL
1611317982,be7b7cde46ed2821f4b2ad606ce4e5aa,PennController,8,0,experiment,NULL,PennController,6,_Trial_,End,1611317959169,Dana (about Joan and Lenny):,P6-A-3-nc.wav,4,20,male,English,yes,5ef503fe30e972139a113bc1,NULL
1611317982,be7b7cde46ed2821f4b2ad606ce4e5aa,PennController,7,0,experiment,NULL,PennController,5,_Trial_,Start,1611317959171,Ethan (about Greg and Tara):,P11-K-2-c.wav,4,20,male,English,yes,5ef503fe30e972139a113bc1,NULL
1611317982,be7b7cde46ed2821f4b2ad606ce4e5aa,PennController,7,0,experiment,NULL,Audio,P11-K-2-c.wav,play,0,1611317960055,Ethan (about Greg and Tara):,P11-K-2-c.wav,4,20,male,English,yes,5ef503fe30e972139a113bc1,NULL
1611317982,be7b7cde46ed2821f4b2ad606ce4e5aa,PennController,7,0,experiment,NULL,Audio,P11-K-2-c.wav,play,0.301859,1611317960847,Ethan (about Greg and Tara):,P11-K-2-c.wav,4,20,male,English,yes,5ef503fe30e972139a113bc1,NULL
1611317982,be7b7cde46ed2821f4b2ad606ce4e5aa,PennController,7,0,experiment,NULL,Audio,P11-K-2-c.wav,play,0,1611317965367,Ethan (about Greg and Tara):,P11-K-2-c.wav,4,20,male,English,yes,5ef503fe30e972139a113bc1,NULL
1611317982,be7b7cde46ed2821f4b2ad606ce4e5aa,PennController,7,0,experiment,NULL,Audio,P11-K-2-c.wav,play,0,1611317969688,Ethan (about Greg and Tara):,P11-K-2-c.wav,4,20,male,English,yes,5ef503fe30e972139a113bc1,NULL
1611317982,be7b7cde46ed2821f4b2ad606ce4e5aa,PennController,7,0,experiment,NULL,Scale,score,Choice,Possibly not certain,1611317970662,Ethan (about Greg and Tara):,P11-K-2-c.wav,4,20,male,English,yes,5ef503fe30e972139a113bc1,NULL
1611317982,be7b7cde46ed2821f4b2ad606ce4e5aa,PennController,7,0,experiment,NULL,PennController,5,_Trial_,End,1611317971840,Ethan (about Greg and Tara):,P11-K-2-c.wav,4,20,male,English,yes,5ef503fe30e972139a113bc1,NULL
1611317982,be7b7cde46ed2821f4b2ad606ce4e5aa,PennController,13,0,experiment,NULL,PennController,11,_Trial_,Start,1611317971842,Julie (about herself):,F1.wav,4,20,male,English,yes,5ef503fe30e972139a113bc1,NULL
1611317982,be7b7cde46ed2821f4b2ad606ce4e5aa,PennController,13,0,experiment,NULL,Audio,F1.wav,play,0,1611317973150,Julie (about herself):,F1.wav,4,20,male,English,yes,5ef503fe30e972139a113bc1,NULL
1611317982,be7b7cde46ed2821f4b2ad606ce4e5aa,PennController,13,0,experiment,NULL,Audio,F1.wav,play,0.38428,1611317973985,Julie (about herself):,F1.wav,4,20,male,English,yes,5ef503fe30e972139a113bc1,NULL
1611317982,be7b7cde46ed2821f4b2ad606ce4e5aa,PennController,13,0,experiment,NULL,Audio,F1.wav,play,0,1611317975310,Julie (about herself):,F1.wav,4,20,male,English,yes,5ef503fe30e972139a113bc1,NULL
1611317982,be7b7cde46ed2821f4b2ad606ce4e5aa,PennController,13,0,experiment,NULL,Audio,F1.wav,play,0,1611317979133,Julie (about herself):,F1.wav,4,20,male,English,yes,5ef503fe30e972139a113bc1,NULL
1611317982,be7b7cde46ed2821f4b2ad606ce4e5aa,PennController,13,0,experiment,NULL,Scale,score,Choice,Possibly certain,1611317979927,Julie (about herself):,F1.wav,4,20,male,English,yes,5ef503fe30e972139a113bc1,NULL
1611317982,be7b7cde46ed2821f4b2ad606ce4e5aa,PennController,13,0,experiment,NULL,PennController,11,_Trial_,End,1611317980442,Julie (about herself):,F1.wav,4,20,male,English,yes,5ef503fe30e972139a113bc1,NULL